[
  {
    "id": "192592c4-3182-4bdb-94b4-b1c5185a2bcb",
    "data": [
      {
        "text": "यह क्या है?",
        "userDefined": false
      }
    ],
    "isTemplate": false,
    "count": 0
  },
  {
    "id": "f2d81a36-f8ae-49c5-9864-ab700dd73041",
    "data": [
      {
        "text": "इसके बारे में क्या है?",
        "userDefined": false
      }
    ],
    "isTemplate": false,
    "count": 0
  },
  {
    "id": "89518325-f11f-49d5-84d6-2e75602ed9b4",
    "data": [
      {
        "text": "गूगल सफर अनुदान क्या है?",
        "userDefined": false
      }
    ],
    "isTemplate": false,
    "count": 0
  },
  {
    "id": "0f92f5e5-1bbd-4538-a39c-d340964cdddb",
    "data": [
      {
        "text": "गूगल सफर अनुदान छात्रवृत्ति के बारे में अधिक।",
        "userDefined": false
      }
    ],
    "isTemplate": false,
    "count": 0
  },
  {
    "id": "b79e6d6c-5c2d-42f1-aac0-bbbe3bba20ed",
    "data": [
      {
        "text": "गूगल सफर अनुदान छात्रवृत्ति के बारे में क्या है?",
        "userDefined": false
      }
    ],
    "isTemplate": false,
    "count": 0
  },
  {
    "id": "85fcb3a2-3421-4454-8565-820f60048bf5",
    "data": [
      {
        "text": "मैं गूगल सफर अनुदान छात्रवृत्ति के बारे में जानकारी प्राप्त कर सकते हैं?",
        "userDefined": false
      }
    ],
    "isTemplate": false,
    "count": 0
  }
]