[
  {
    "id": "e38815df-a49f-43ed-91d3-a45f4aa2d0da",
    "data": [
      {
        "text": "एक",
        "meta": "@sys.ignore",
        "userDefined": false
      },
      {
        "text": " बार आवेदन स्वीकार कर लिए आगे प्रक्रिया क्या है?",
        "userDefined": false
      }
    ],
    "isTemplate": false,
    "count": 0
  },
  {
    "id": "ed4e2042-0831-4269-be8d-00bae32b934a",
    "data": [
      {
        "text": "क्या होगा अगर हमारे प्रस्ताव को मंजूरी दी है?",
        "userDefined": false
      }
    ],
    "isTemplate": false,
    "count": 0
  },
  {
    "id": "9b5c6dfb-b4ac-47ac-bfdd-402b20a7b78f",
    "data": [
      {
        "text": "हम इसे कैसे दावा करते हैं के बाद हमारे छात्रवृत्ति मंजूरी दे दी है",
        "userDefined": false
      }
    ],
    "isTemplate": false,
    "count": 0
  },
  {
    "id": "b7d049ae-ba13-4e60-9182-09584ac01366",
    "data": [
      {
        "text": "हम इसे कैसे दावा करते हैं के बाद मेरे प्रस्ताव को मंजूरी दे दी है?",
        "userDefined": false
      }
    ],
    "isTemplate": false,
    "count": 0
  },
  {
    "id": "0d9abd8b-5db0-4ca6-9469-52f43a2fed4b",
    "data": [
      {
        "text": "मैं अपने छात्रवृत्ति कैसे दावा कर सकते हैं?",
        "userDefined": false
      }
    ],
    "isTemplate": false,
    "count": 0
  }
]