[
  {
    "id": "3878d450-9496-4be6-8535-e4502b6fbcec",
    "data": [
      {
        "text": "How can I claim my scholarship?",
        "userDefined": false
      }
    ],
    "isTemplate": false,
    "count": 0,
    "updated": 1541305050
  },
  {
    "id": "3fec8fcf-5cf6-466c-a73b-63a8e651833f",
    "data": [
      {
        "text": "How do we claim it after my proposal is approved?",
        "userDefined": false
      }
    ],
    "isTemplate": false,
    "count": 0,
    "updated": 1541254005
  },
  {
    "id": "986fb11d-5943-4ece-9538-6c497041123b",
    "data": [
      {
        "text": "How do we claim it after our scholarship is approved",
        "userDefined": false
      }
    ],
    "isTemplate": false,
    "count": 0,
    "updated": 1541254005
  },
  {
    "id": "1f24ea8d-c544-49a0-80a5-7447311b1167",
    "data": [
      {
        "text": "What if our proposal is approved?",
        "userDefined": false
      }
    ],
    "isTemplate": false,
    "count": 0,
    "updated": 1541254005
  },
  {
    "id": "c60958ed-3719-4e8d-bbb8-25833e6da6b6",
    "data": [
      {
        "text": "What is the further procedure once the application is approved?",
        "userDefined": false
      }
    ],
    "isTemplate": false,
    "count": 0,
    "updated": 1541254005
  }
]