[
  {
    "id": "166534e0-7b7b-492b-ab4c-09d4e775f078",
    "data": [
      {
        "text": "वहाँ छात्रवृत्ति के लिए किसी भी अंतिम दिनांक है?",
        "userDefined": false
      }
    ],
    "isTemplate": false,
    "count": 0
  },
  {
    "id": "38b858e3-56e7-4c47-b665-ca0f8dc78c6f",
    "data": [
      {
        "text": "क्या छात्रवृत्ति के लिए समय सीमा, यदि कोई हो?",
        "userDefined": false
      }
    ],
    "isTemplate": false,
    "count": 0
  },
  {
    "id": "b4063eed-e123-4f6b-91cb-ab76f75f15fd",
    "data": [
      {
        "text": "किसी भी समय सीमा मैं पूरा करने के लिए की आवश्यकता है?",
        "userDefined": false
      }
    ],
    "isTemplate": false,
    "count": 0
  },
  {
    "id": "9c55385b-e736-4feb-927f-390ac754bcb2",
    "data": [
      {
        "text": "वहाँ किसी भी समय सीमा है?",
        "userDefined": false
      }
    ],
    "isTemplate": false,
    "count": 0
  }
]