[
  {
    "id": "0e8a54b5-e9c7-4dbd-af6a-49ae41e8fa72",
    "data": [
      {
        "text": "पात्रता क्या है?",
        "userDefined": false
      }
    ],
    "isTemplate": false,
    "count": 0
  },
  {
    "id": "f7a87ca9-113f-4a21-bf36-37c4bcded10b",
    "data": [
      {
        "text": "इस छात्रवृत्ति प्राप्त करने के लिए क्या आवश्यकताएँ हैं?",
        "userDefined": false
      }
    ],
    "isTemplate": false,
    "count": 0
  },
  {
    "id": "37ef801e-dbab-4a24-a2a1-ce83a3351a92",
    "data": [
      {
        "text": "इस प्राप्त करने के लिए पात्रता आवश्यकताओं क्या हैं?",
        "userDefined": false
      }
    ],
    "isTemplate": false,
    "count": 0
  },
  {
    "id": "32a30f9e-1dd0-439f-8e89-32f2a04c66e4",
    "data": [
      {
        "text": "छात्रवृत्ति के लिए पात्रता मानदंड क्या है?",
        "userDefined": false
      }
    ],
    "isTemplate": false,
    "count": 0
  },
  {
    "id": "752dba14-3876-4d30-8f21-86bfef2b8e1a",
    "data": [
      {
        "text": "क्या पात्रता मानदंड?",
        "userDefined": false
      }
    ],
    "isTemplate": false,
    "count": 0
  }
]