[
  {
    "id": "4f142916-2528-4fd4-8fb0-f3ea9c301440",
    "data": [
      {
        "text": "Can I have a link to the scholarship website?",
        "userDefined": false
      }
    ],
    "isTemplate": false,
    "count": 0,
    "updated": 1541306319
  },
  {
    "id": "35912df7-44fd-4e36-a7a8-52018168cd1d",
    "data": [
      {
        "text": "Can I have the link to the website of Google Travel ",
        "userDefined": false
      },
      {
        "text": "Grants",
        "meta": "@sys.ignore",
        "userDefined": false
      },
      {
        "text": " Scholarship?",
        "userDefined": false
      }
    ],
    "isTemplate": false,
    "count": 0,
    "updated": 1548615751
  },
  {
    "id": "9a2698bf-51bb-4a42-be2d-4e2d4d37b45e",
    "data": [
      {
        "text": "Can I have a link to the website?",
        "userDefined": false
      }
    ],
    "isTemplate": false,
    "count": 0,
    "updated": 1548615751
  }
]