[
  {
    "id": "06827aa8-92dd-4b1c-988e-c14c45df67b8",
    "data": [
      {
        "text": "मैं छात्रवृत्ति वेबसाइट के लिए लिंक मिल सकता है?",
        "userDefined": false
      }
    ],
    "isTemplate": false,
    "count": 0
  },
  {
    "id": "5ec07cd1-9b33-4cd3-9f11-377798510671",
    "data": [
      {
        "text": "मैं गूगल सफर अनुदान छात्रवृत्ति की वेबसाइट के लिए लिंक मिल सकता है?",
        "userDefined": false
      }
    ],
    "isTemplate": false,
    "count": 0
  },
  {
    "id": "7775a334-f395-4ccb-8789-5ec35b71f9c1",
    "data": [
      {
        "text": "मैं वेबसाइट के लिए लिंक मिल सकता है?",
        "userDefined": false
      }
    ],
    "isTemplate": false,
    "count": 0
  }
]